age,race,sex,ethnicity,"Jan
2018","Feb
2018","Mar
2018","Apr
2018","May
2018","Jun
2018","Jul
2018","Aug
2018","Sep
2018","Oct
2018","Nov
2018","Dec
2018","Jan
2019","Feb
2019","Mar
2019","Apr
2019","May
2019","Jun
2019","Jul
2019","Aug
2019","Sep
2019","Oct
2019","Nov
2019","Dec
2019","Jan
2020","Feb
2020","Mar
2020","Apr
2020","May
2020","Jun
2020","Jul
2020","Aug
2020","Sep
2020","Oct
2020","Nov
2020","Dec
2020","Jan
2021","Feb
2021","Mar
2021"
16-19,all,males,all,15.2,17.3,15.2,13.6,15.6,17.1,15.1,13.6,12.7,12.2,12.6,12.8,14.7,16.3,13.9,13.8,13.7,15.7,13.5,12.8,13.1,13.0,13.3,12.0,14.2,12.1,14.4,27.5,29.2,24.9,21.4,16.8,16.7,14.7,14.7,13.9,16.1,17.6,15.3
20-24,all,males,all,9.4,8.3,7.6,7.0,7.7,8.7,7.4,6.8,7.4,7.2,6.6,7.7,9.9,8.3,9.1,7.0,8.2,7.8,7.5,7.1,7.0,7.3,6.5,7.0,8.0,7.2,9.5,22.7,22.3,19.1,17.1,13.3,12.6,11.3,10.9,11.9,11.3,10.8,11.7
25-54,all,males,all,4.0,3.7,3.7,3.3,2.9,3.0,2.8,3.0,2.8,3.0,2.7,3.3,3.8,3.7,3.6,3.0,2.7,2.7,2.9,3.0,2.7,2.7,2.6,3.0,3.6,3.6,4.0,11.9,10.3,9.2,8.6,7.2,6.7,6.2,6.0,5.9,6.5,6.2,6.0
55+,all,males,all,3.7,4.2,3.6,3.2,2.5,2.7,2.5,2.7,2.5,2.5,2.9,3.3,3.7,3.2,2.9,2.4,2.2,2.3,2.2,2.0,1.9,2.3,2.4,2.2,3.0,3.2,3.6,11.0,9.6,8.3,7.7,6.9,6.1,5.2,5.8,6.1,6.0,6.3,4.8
16-19,all,males,hispanic_latino,16.0,14.7,15.9,13.0,16.4,16.0,20.6,15.5,15.0,11.5,18.8,17.4,12.6,16.8,16.6,15.4,15.2,14.9,20.3,14.2,14.2,14.0,17.8,10.3,14.5,13.3,15.6,32.8,38.1,30.6,26.3,20.8,23.3,17.4,20.4,13.6,15.1,19.0,18.4
20-24,all,males,hispanic_latino,8.9,8.2,9.5,7.3,7.6,8.4,6.8,5.6,7.0,6.5,6.4,6.3,10.9,7.7,9.2,6.7,6.2,7.8,8.3,6.3,5.2,6.5,6.4,5.4,7.4,5.0,11.7,22.6,25.4,22.0,16.5,11.3,12.3,9.8,11.5,12.6,13.0,12.9,13.3
25-54,all,males,hispanic_latino,4.8,3.9,4.0,2.9,2.7,2.7,2.0,2.9,2.6,3.1,2.7,3.3,4.5,3.9,3.9,2.8,2.4,2.5,3.0,2.6,2.0,2.5,2.3,3.1,3.9,3.4,4.7,15.6,13.5,11.0,9.8,8.9,7.6,7.5,7.2,8.5,8.2,7.5,7.3
55+,all,males,hispanic_latino,5.7,6.5,5.4,4.3,3.7,2.8,2.8,3.9,4.2,3.4,3.0,3.5,3.4,3.5,3.6,2.7,3.7,3.2,2.4,2.8,2.7,3.1,2.8,3.0,5.1,5.6,5.7,15.3,11.7,11.1,13.1,11.7,8.3,7.9,6.8,9.6,9.6,9.9,8.8
16-19,white,males,all,13.5,15.3,12.9,11.8,13.2,14.7,12.5,12.2,11.3,9.9,11.5,12.0,13.3,15.2,12.4,12.9,12.4,14.2,12.2,12.1,12.8,12.0,12.3,12.5,13.1,10.5,13.1,26.9,27.9,23.6,19.5,15.3,16.2,13.9,14.8,12.5,15.0,16.4,13.4
20-24,white,males,all,8.1,8.2,6.7,6.2,6.1,7.1,5.9,6.0,6.6,5.7,5.5,6.6,8.5,6.3,7.5,5.8,6.7,6.5,6.5,6.1,6.1,6.1,5.8,6.3,6.9,5.7,8.0,21.1,19.9,16.0,14.9,10.7,9.9,9.6,9.7,10.4,10.9,9.8,11.3
25-54,white,males,all,3.5,3.5,3.4,3.0,2.6,2.7,2.4,2.5,2.3,2.6,2.4,3.0,3.5,3.2,3.1,2.5,2.3,2.5,2.6,2.7,2.4,2.4,2.4,2.8,3.2,3.2,3.8,11.2,9.5,8.1,7.6,6.4,5.9,5.4,5.4,5.6,5.9,5.6,5.2
55+,white,males,all,3.6,4.1,3.4,2.9,2.4,2.5,2.3,2.5,2.3,2.1,2.7,3.1,3.3,3.2,2.9,2.2,2.2,2.3,2.0,1.8,1.9,2.3,2.5,2.0,3.1,3.3,3.3,10.7,8.9,7.7,6.9,5.7,5.6,4.7,4.9,5.6,5.6,5.7,4.5
16-19,black_african_american,males,all,28.1,32.9,26.5,25.3,27.9,29.4,28.9,21.8,24.6,25.8,17.3,19.5,23.5,25.2,27.3,23.9,30.3,25.3,20.7,16.2,16.3,21.7,20.1,16.2,21.3,23.6,25.1,21.8,33.2,32.6,29.8,24.6,20.8,24.7,13.9,24.4,21.7,23.0,18.1
20-24,black_african_american,males,all,17.1,12.1,10.8,11.4,14.8,16.4,15.6,8.8,9.4,13.4,9.4,12.5,17.6,18.0,16.5,13.5,15.0,13.1,12.6,12.6,10.5,12.0,11.9,12.5,12.9,13.0,18.8,26.4,26.8,28.0,26.5,23.5,26.5,20.6,15.8,17.7,12.0,17.0,15.9
25-54,black_african_american,males,all,7.0,5.6,6.0,5.7,5.4,5.1,4.9,5.7,5.4,5.6,5.3,5.6,6.5,7.1,6.4,6.1,5.2,4.5,5.0,5.2,4.9,4.7,4.1,5.0,6.3,6.7,6.2,15.5,14.5,14.5,14.2,11.2,10.8,10.8,9.8,9.2,10.5,10.7,11.0
55+,black_african_american,males,all,6.5,5.2,4.8,4.8,2.4,3.8,3.4,4.4,4.2,6.3,4.5,5.4,7.8,5.2,3.5,4.0,2.7,2.4,2.9,2.9,2.2,1.8,1.3,3.5,2.4,2.4,5.4,11.9,13.1,12.5,11.0,12.9,9.2,6.5,9.9,8.2,7.3,10.3,5.0
16-19,asian,males,all,2.0,3.6,9.7,3.5,12.2,12.3,12.5,10.0,4.6,3.1,7.6,0.5,,,7.0,3.8,7.5,10.1,13.1,12.0,11.6,10.6,9.6,0.0,1.0,0.8,2.5,,,21.2,41.8,23.6,2.3,2.5,8.8,6.9,13.3,8.3,23.3
20-24,asian,males,all,10.0,1.1,8.6,7.8,6.3,12.0,6.4,8.4,11.4,11.4,12.3,12.7,9.3,5.7,5.9,2.4,4.5,2.5,5.7,8.5,9.2,7.9,3.3,3.9,5.4,6.9,7.4,27.4,36.5,36.9,19.9,21.7,15.8,13.0,8.4,10.6,10.5,3.2,6.0
25-54,asian,males,all,2.6,2.4,2.3,1.6,1.4,2.5,3.1,2.9,3.3,1.8,1.7,3.1,3.0,2.6,3.2,1.9,2.1,2.0,2.1,2.1,2.4,2.8,2.1,2.2,2.8,1.9,3.5,10.6,9.8,10.2,8.3,7.3,7.1,6.0,4.9,3.9,4.9,3.7,5.5
55+,asian,males,all,1.8,4.5,3.3,3.3,2.3,3.1,3.2,0.8,2.4,3.3,3.4,3.1,2.8,0.8,0.7,1.8,2.5,2.5,4.8,3.2,2.4,1.8,2.6,1.6,1.9,1.9,2.7,16.0,16.3,11.8,12.5,13.0,9.3,8.9,10.6,9.1,8.2,7.6,6.9
16-19,all,females,all,14.0,12.2,10.4,9.8,10.2,12.7,11.8,10.9,12.0,11.1,11.4,9.3,12.7,11.9,10.5,10.0,11.9,14.2,13.0,11.3,11.1,10.3,10.0,9.9,11.9,10.9,13.0,37.3,32.2,24.0,16.8,14.8,15.4,11.6,11.7,14.4,15.1,10.8,9.7
20-24,all,females,all,6.9,5.9,5.3,5.1,6.3,7.4,7.1,6.2,6.4,6.0,5.4,5.9,7.2,6.8,5.0,4.6,5.7,5.6,6.8,6.4,5.4,4.6,5.1,5.0,7.3,6.1,7.6,27.3,24.2,21.1,19.4,14.2,12.2,9.7,8.8,9.3,10.3,9.1,9.1
25-54,all,females,all,3.7,3.8,3.4,3.2,2.9,3.6,3.8,3.8,3.0,3.0,3.1,3.0,3.4,3.3,3.3,2.7,2.7,3.2,3.6,3.5,2.9,3.0,3.0,2.9,3.1,3.0,3.6,13.4,12.2,10.3,10.1,8.2,7.3,6.1,5.6,5.5,5.9,5.8,5.5
55+,all,females,all,2.6,2.7,3.0,2.5,2.2,3.1,3.8,3.3,2.6,2.6,2.5,2.3,2.7,2.4,2.3,2.1,2.6,3.4,3.7,3.3,2.7,2.5,2.4,2.2,2.7,2.1,3.3,14.2,12.3,10.2,10.1,8.2,6.7,5.3,5.6,5.5,5.2,5.2,4.5
16-19,all,females,hispanic_latino,18.7,12.4,8.6,10.9,11.1,14.4,18.7,13.0,14.2,12.0,11.1,9.4,20.2,18.1,12.0,10.1,11.7,19.9,20.2,15.6,14.7,14.5,14.0,14.9,15.4,15.4,14.9,35.6,35.0,27.7,21.9,18.3,20.8,12.6,13.7,16.6,20.9,14.9,10.8
20-24,all,females,hispanic_latino,7.1,8.8,6.4,5.5,6.7,7.7,7.3,6.1,5.4,6.1,6.1,6.0,8.1,6.9,5.8,3.0,5.7,5.4,6.5,6.6,5.3,6.1,6.5,5.5,6.6,8.3,11.2,31.5,29.2,23.4,25.2,17.1,16.5,9.4,9.9,10.1,12.0,9.3,10.6
25-54,all,females,hispanic_latino,4.8,4.7,4.5,4.4,4.3,4.2,4.7,5.3,4.0,3.9,4.5,4.0,4.7,3.7,4.3,3.6,3.3,4.1,3.8,4.4,3.9,3.4,4.0,4.1,4.6,4.6,5.6,17.6,16.8,14.5,12.3,9.8,10.0,8.2,7.5,8.8,8.6,8.7,7.4
55+,all,females,hispanic_latino,4.3,5.5,6.6,3.8,5.3,5.1,4.5,4.8,4.0,2.6,3.7,2.5,4.2,2.8,3.9,1.8,3.3,3.6,3.4,2.8,2.0,2.6,3.8,4.2,4.1,3.4,4.5,17.9,16.5,12.5,14.3,7.8,9.8,10.6,9.5,8.0,9.7,7.4,5.1
16-19,white,females,all,12.5,10.7,8.0,7.9,10.2,11.5,10.3,9.7,11.0,9.9,9.6,8.0,11.4,9.5,9.4,7.6,10.6,11.8,11.3,10.9,10.5,8.8,8.9,9.4,9.6,9.1,10.9,36.4,30.0,24.2,14.7,13.1,15.0,10.5,10.5,13.6,15.7,10.8,9.1
20-24,white,females,all,5.1,5.4,4.6,4.7,5.7,6.9,5.8,5.3,5.3,5.9,5.1,5.4,5.9,5.3,4.0,3.8,5.2,5.3,5.9,6.6,4.9,3.9,4.2,4.1,5.9,5.2,6.5,26.8,23.4,19.2,18.3,11.0,10.6,7.6,7.2,8.2,8.2,7.3,7.6
25-54,white,females,all,3.1,3.2,3.0,2.7,2.8,3.3,3.6,3.4,2.6,2.6,2.8,2.6,3.1,2.8,2.8,2.3,2.4,3.1,3.4,3.3,2.8,2.7,2.6,2.4,2.6,2.6,3.1,12.9,11.3,9.5,9.3,7.4,6.5,5.3,4.7,4.9,5.1,5.1,4.8
55+,white,females,all,2.6,2.6,2.8,2.5,2.0,2.8,3.5,3.2,2.4,2.3,2.4,2.1,2.8,2.3,2.4,1.8,2.3,3.0,3.5,3.2,2.6,2.2,2.1,2.1,2.5,2.1,3.1,13.6,11.8,9.7,9.2,7.2,6.0,4.9,5.2,5.1,4.9,4.8,4.1
16-19,black_african_american,females,all,21.1,18.7,23.9,26.4,9.6,18.5,16.7,18.7,15.0,17.5,20.1,15.5,18.9,26.4,18.4,21.8,19.8,25.9,19.7,14.3,17.2,14.8,18.8,17.9,26.3,17.4,23.5,36.1,39.9,25.1,19.5,22.7,15.6,19.1,16.1,19.3,13.2,13.7,14.8
20-24,black_african_american,females,all,14.4,8.1,7.9,5.6,7.5,9.0,13.0,10.3,8.3,6.0,7.5,8.9,11.7,12.7,9.9,7.3,8.7,8.6,11.9,7.2,9.1,8.7,8.5,7.7,13.7,11.0,11.0,29.3,27.8,26.6,25.4,26.8,18.1,15.0,15.8,10.8,16.5,17.6,17.5
25-54,black_african_american,females,all,6.6,6.7,5.8,5.0,4.2,4.9,5.7,6.0,4.6,5.0,4.9,5.5,5.9,5.3,5.0,4.8,4.1,4.5,4.7,4.7,3.7,4.5,4.4,4.7,5.4,4.7,5.2,14.3,14.9,13.3,12.7,11.2,10.2,9.1,8.5,7.3,8.7,8.6,8.4
55+,black_african_american,females,all,2.9,2.8,4.2,2.4,3.0,5.2,5.9,4.5,3.8,3.1,3.1,3.0,2.2,2.5,3.5,3.7,5.2,6.7,5.0,3.3,3.6,4.5,3.6,2.5,3.3,2.1,3.8,14.8,14.8,10.3,12.9,10.8,8.5,5.9,7.0,7.3,5.2,5.8,4.6
16-19,asian,females,all,1.5,9.6,12.7,0.8,4.5,7.2,14.1,12.2,17.9,15.4,16.3,15.6,0.0,14.1,10.8,,4.5,10.8,14.1,18.1,4.8,2.3,3.9,3.2,0.0,,,,28.5,,40.1,18.9,18.6,5.9,6.6,,,6.8,
20-24,asian,females,all,5.1,5.5,6.4,4.9,6.8,10.2,7.4,6.8,12.7,8.1,5.9,9.0,6.5,11.3,3.9,5.0,5.7,3.5,6.8,5.7,4.0,3.8,5.2,7.9,9.1,6.6,6.8,23.2,29.6,24.2,23.0,20.5,15.5,15.0,9.6,10.6,16.9,9.7,8.3
25-54,asian,females,all,3.1,2.9,2.1,3.3,1.7,2.6,2.5,2.9,2.4,2.9,2.3,1.9,2.2,2.9,3.4,2.0,1.7,1.9,2.2,2.5,1.5,2.3,2.6,2.6,3.4,3.3,4.5,13.5,15.1,13.0,12.4,9.6,8.4,7.7,7.4,5.9,7.0,5.6,5.1
55+,asian,females,all,1.9,3.3,3.1,1.8,2.3,3.4,2.7,1.4,2.0,3.3,1.0,1.4,2.4,2.3,0.2,2.8,1.8,0.5,3.4,2.2,1.9,2.6,2.0,1.4,3.3,1.0,3.5,23.4,14.8,18.5,13.2,11.9,10.2,7.3,5.6,6.5,8.7,6.8,7.0
